"URI della traccia","Nome della traccia","URI dell'artista","Nome dell'artista","URI dell'album","Nome dell'album","URI dell'artista dell'album","Nome dell'artista dell'album","Data di rilascio dell'album","URL dell'immagine dell'album","Numero del disco","Numero della traccia","Durata della traccia (ms)","URL di anteprima della traccia","Esplicito","Popolarit√†","ISRC","Aggiunto da","Aggiunto il"
"spotify:track:4TyY4vah59nsckspWdSGPn","No Lie","spotify:artist:17lzZA2AlOHwCwFALHttmp, spotify:artist:3TVXtAsR1Inumwj472S9r4","2 Chainz, Drake","spotify:album:62LtCWORi6w9y8qwK6kD1L","No Lie","spotify:artist:17lzZA2AlOHwCwFALHttmp","2 Chainz","2012-01-01","https://i.scdn.co/image/ab67616d0000b27399bcf0488c5f8b6ad59dabc0","1","1","239186","https://p.scdn.co/mp3-preview/cd3b148540b80eebe4dcee607b05537989751962?cid=9950ac751e34487dbbe027c4fd7f8e99","true","0","USUM71204666","spotify:user:11135692880","2019-03-28T00:33:49Z"
"spotify:track:0uFvvXbmGIXlf5ZgtHyYpf","Bugatti","spotify:artist:31HjiqargV4NAw4GZqUale, spotify:artist:1RyvyyTE3xzB2ZywiAwp0i, spotify:artist:1sBkRIssrMs1AbVkOJbc7a","Ace Hood, Future, Rick Ross","spotify:album:2JG7yt9ua7hKWsfVLQr90j","Trials & Tribulations","spotify:artist:31HjiqargV4NAw4GZqUale","Ace Hood","2013-01-01","https://i.scdn.co/image/ab67616d0000b27398f22f2fe6b8b1b06ea5cd17","1","11","269266","https://p.scdn.co/mp3-preview/aee7ce1be1095f324d37970d47ebbe536e90b3ea?cid=9950ac751e34487dbbe027c4fd7f8e99","true","1","USCM51300013","spotify:user:11135692880","2019-03-28T00:35:45Z"
"spotify:track:4X5f3vT8MRuXF68pfjNte5","F**kin' Problems (feat. Drake, 2 Chainz & Kendrick Lamar)","spotify:artist:13ubrt8QOOCPljQ2FL1Kca, spotify:artist:3TVXtAsR1Inumwj472S9r4, spotify:artist:17lzZA2AlOHwCwFALHttmp, spotify:artist:2YZyLoL8N0Wb9xBt1NhZWg","A$AP Rocky, Drake, 2 Chainz, Kendrick Lamar","spotify:album:6rzMufuu8sLkIizM4q9c7J","LONG.LIVE.A$AP (Deluxe Version)","spotify:artist:13ubrt8QOOCPljQ2FL1Kca","A$AP Rocky","2013","https://i.scdn.co/image/ab67616d0000b2732ae92030b51fb8135d694af9","1","7","233786","https://p.scdn.co/mp3-preview/77d6e84f7d33f7d05d9445953938adcc9b4600b2?cid=9950ac751e34487dbbe027c4fd7f8e99","true","74","USRC11201220","spotify:user:11135692880","2019-03-28T00:35:47Z"
"spotify:track:03tqyYWC9Um2ZqU0ZN849H","No Hands (feat. Roscoe Dash & Wale)","spotify:artist:6f4XkbvYlXMH0QgVRzW0sM, spotify:artist:0bfX8pF8kuHNCs57Ms4jZb, spotify:artist:67nwj3Y5sZQLl72VNUHEYE","Waka Flocka Flame, Roscoe Dash, Wale","spotify:album:6MQtWELG7aRX7CkAzQ6nLM","Flockaveli","spotify:artist:6f4XkbvYlXMH0QgVRzW0sM","Waka Flocka Flame","2010-10-01","https://i.scdn.co/image/fade577145599daff924bb7b28386a84f67bd1db","1","5","263773","https://p.scdn.co/mp3-preview/862ad595b0c10e822e3cb283e459060919c8ca52?cid=9950ac751e34487dbbe027c4fd7f8e99","true","75","USWB11002103","spotify:user:11135692880","2019-03-28T00:35:56Z"
"spotify:track:02pf9lLM8Nb8l4u4ts1GWb","My Nigga","spotify:artist:0A0FS04o6zMoto8OKPsDwY, spotify:artist:4yBK75WVCQXej1p04GWqxH, spotify:artist:5lHRUCqkQZCIWeX7xG4sYT","YG, Jeezy, Rich Homie Quan","spotify:album:4F6GGyqtJoF4EOxDgsKzsB","My Krazy Life (Deluxe)","spotify:artist:0A0FS04o6zMoto8OKPsDwY","YG","2014-01-01","https://i.scdn.co/image/ab67616d0000b273285717d8be1761dc136572b6","1","7","235600","https://p.scdn.co/mp3-preview/cdefaab9e5653917fd2a65dce9474adc93579618?cid=9950ac751e34487dbbe027c4fd7f8e99","true","0","USUM71308285","spotify:user:11135692880","2019-03-28T00:35:58Z"
"spotify:track:7FYH5AW3bVfZHJIQpq3UOA","I Don't Fuck With You","spotify:artist:0c173mlxpT3dSFRgMO8XPh, spotify:artist:3crnzLy8R4lVwaigKEOz7V","Big Sean, E-40","spotify:album:1j2x7FJXTgUT0X5hZ8TDXE","Dark Sky Paradise","spotify:artist:0c173mlxpT3dSFRgMO8XPh","Big Sean","2015-02-23","https://i.scdn.co/image/ab67616d0000b27350192d5f728fea13fb3af203","1","4","284386","https://p.scdn.co/mp3-preview/89a99eecb0d0b8d5f8d1c4257d0e26a6b50b58cd?cid=9950ac751e34487dbbe027c4fd7f8e99","true","72","USUM71414033","spotify:user:11135692880","2019-03-28T00:35:59Z"
"spotify:track:19gEmPjfqSZT0ulDRfjl0m","Hot N*gga","spotify:artist:34Y0ldeyUv7jBvukWOGASO","Bobby Shmurda","spotify:album:5ptl9Sheh9eWaogxFOZ3PV","Hot N*gga","spotify:artist:34Y0ldeyUv7jBvukWOGASO","Bobby Shmurda","2014-07-25","https://i.scdn.co/image/ab67616d0000b273d52e14e0595216ca453572ab","1","1","194561","https://p.scdn.co/mp3-preview/5131754170f315eb19b3fad75db4b6d8c38e2278?cid=9950ac751e34487dbbe027c4fd7f8e99","true","68","USSM11405787","spotify:user:11135692880","2019-03-28T00:36:01Z"
"spotify:track:4scpF6J5uMBvoh6sFB7EL1","No Type","spotify:artist:7iZtZyCzp3LItcw1wtPI3D","Rae Sremmurd","spotify:album:6eDx949ONWDCN0O22wFZf7","SremmLife","spotify:artist:7iZtZyCzp3LItcw1wtPI3D","Rae Sremmurd","2015-01-06","https://i.scdn.co/image/ab67616d0000b2734ca3fb4517ff722918877460","1","10","200080","https://p.scdn.co/mp3-preview/2146820b2eedde25cb889c37783d0b49fcd82cdd?cid=9950ac751e34487dbbe027c4fd7f8e99","true","68","USUM71413477","spotify:user:11135692880","2019-03-28T00:36:02Z"
"spotify:track:1ULa3GfdMKs0MfRpm6xVlu","We Dem Boyz","spotify:artist:137W8MRPWKqSmrBGDBFSop","Wiz Khalifa","spotify:album:2pl9PVgr8QFKRGY0HY69GI","Blacc Hollywood (Deluxe)","spotify:artist:137W8MRPWKqSmrBGDBFSop","Wiz Khalifa","2014-08-19","https://i.scdn.co/image/ab67616d0000b27327ed4f26fa2bfbd714dba7dd","1","2","224933","https://p.scdn.co/mp3-preview/da099611df3124747384a067e6e69a31dce1ada2?cid=9950ac751e34487dbbe027c4fd7f8e99","true","63","USAT21400212","spotify:user:11135692880","2019-03-28T00:36:11Z"
"spotify:track:49zD0wr2S3d0lZPib0K4e1","Fuck Up Some Commas","spotify:artist:1RyvyyTE3xzB2ZywiAwp0i","Future","spotify:album:0fUy6IdLHDpGNwavIlhEsl","DS2 - Deluxe","spotify:artist:1RyvyyTE3xzB2ZywiAwp0i","Future","2015-07-17","https://i.scdn.co/image/ab67616d0000b273b2592bea12d840fd096ef965","1","18","237400","https://p.scdn.co/mp3-preview/e12c20b928d55ba60b0d12e5d9c40ef66f4d2557?cid=9950ac751e34487dbbe027c4fd7f8e99","true","65","USSM11500953","spotify:user:11135692880","2019-03-28T00:36:13Z"
"spotify:track:07sOl7WsmCaUqaJaRn9Dss","Type of Way","spotify:artist:5lHRUCqkQZCIWeX7xG4sYT","Rich Homie Quan","spotify:album:0yPxW3ynZ8SWaBiJhzx4zI","Still Goin In - Reloaded","spotify:artist:5lHRUCqkQZCIWeX7xG4sYT","Rich Homie Quan","2013-04-30","https://i.scdn.co/image/ab67616d0000b273df70672116ec515dc6044361","1","18","261320","https://p.scdn.co/mp3-preview/dee9a75981e913318c1e95598ee575d03af22a92?cid=9950ac751e34487dbbe027c4fd7f8e99","true","0","USUYG1028245","spotify:user:11135692880","2019-03-28T00:36:14Z"
"spotify:track:2L8cFPItBljPNJgPjTnuIf","No Flex Zone","spotify:artist:7iZtZyCzp3LItcw1wtPI3D","Rae Sremmurd","spotify:album:6eDx949ONWDCN0O22wFZf7","SremmLife","spotify:artist:7iZtZyCzp3LItcw1wtPI3D","Rae Sremmurd","2015-01-06","https://i.scdn.co/image/ab67616d0000b2734ca3fb4517ff722918877460","1","3","231066","https://p.scdn.co/mp3-preview/56c77039ece177e40301a3286074e1c149c5a854?cid=9950ac751e34487dbbe027c4fd7f8e99","true","54","USUM71406157","spotify:user:11135692880","2019-03-28T00:36:28Z"
"spotify:track:1uDjaezEbalGyGnuH80zDK","Who Do You Love?","spotify:artist:0A0FS04o6zMoto8OKPsDwY, spotify:artist:3TVXtAsR1Inumwj472S9r4","YG, Drake","spotify:album:4F6GGyqtJoF4EOxDgsKzsB","My Krazy Life (Deluxe)","spotify:artist:0A0FS04o6zMoto8OKPsDwY","YG","2014-01-01","https://i.scdn.co/image/ab67616d0000b273285717d8be1761dc136572b6","1","10","233506","https://p.scdn.co/mp3-preview/533cc26c77aa98cda27d2264154d023c6b565605?cid=9950ac751e34487dbbe027c4fd7f8e99","true","0","USUM71400720","spotify:user:11135692880","2019-03-28T00:36:29Z"
"spotify:track:2NVt7fxr5GsqTkGwYXcNTE","Flex (Ooh, Ooh, Ooh)","spotify:artist:5lHRUCqkQZCIWeX7xG4sYT","Rich Homie Quan","spotify:album:7GqQiRft9pHtZukB37mc6c","Flex (Ooh, Ooh, Ooh)","spotify:artist:5lHRUCqkQZCIWeX7xG4sYT","Rich Homie Quan","2015-02-10","https://i.scdn.co/image/ab67616d0000b2738e2ec2704ca34c6e29e1ab84","1","1","176674","https://p.scdn.co/mp3-preview/1e15f2d4ac12c4f851604da51d13eccc5db47cef?cid=9950ac751e34487dbbe027c4fd7f8e99","true","0","USUYG1062224","spotify:user:11135692880","2019-03-28T00:36:30Z"
"spotify:track:7eaKWfov7b2Qa2n6HTesL3","Shabba (feat. A$AP Rocky)","spotify:artist:5dHt1vcEm9qb8fCyLcB3HL, spotify:artist:13ubrt8QOOCPljQ2FL1Kca","A$AP Ferg, A$AP Rocky","spotify:album:3smlfAmejcKMmAPg1G2Kki","Trap Lord","spotify:artist:5dHt1vcEm9qb8fCyLcB3HL","A$AP Ferg","2013-08-19","https://i.scdn.co/image/ab67616d0000b273005ca921bdef6548d4f71b76","1","2","275866","https://p.scdn.co/mp3-preview/e85538fb2199b55e00f6fa90ba56a669e84dd92d?cid=9950ac751e34487dbbe027c4fd7f8e99","true","59","USRC11301000","spotify:user:11135692880","2019-03-28T00:36:31Z"
"spotify:track:2LvRR121MWFmmEGkuV2vQP","HeadBand (feat. 2 Chainz)","spotify:artist:5ndkK3dpZLKtBklKjxNQwT, spotify:artist:17lzZA2AlOHwCwFALHttmp","B.o.B, 2 Chainz","spotify:album:177byugYOk12NcfRtWvghY","Underground Luxury","spotify:artist:5ndkK3dpZLKtBklKjxNQwT","B.o.B","2013-12-16","https://i.scdn.co/image/ab67616d0000b27336ccb93965b6f831fcaac80b","1","10","220240","https://p.scdn.co/mp3-preview/1b915571f0d29609e8c0c3ad5d6fe3aa9858a348?cid=9950ac751e34487dbbe027c4fd7f8e99","true","63","USAT21301167","spotify:user:11135692880","2019-03-28T00:36:34Z"
"spotify:track:5SsR3wtCOafDmZgvIdRhSm","Man Of The Year","spotify:artist:5IcR3N7QB1j6KBL8eImZ8m","ScHoolboy Q","spotify:album:7Et3bSTLLqdABO1qCxUplS","Oxymoron (Deluxe)","spotify:artist:5IcR3N7QB1j6KBL8eImZ8m","ScHoolboy Q","2014-01-01","https://i.scdn.co/image/ab67616d0000b27336977e237a8f70ec6c990636","1","12","216013","https://p.scdn.co/mp3-preview/6fd568feae5ff9ff8dc5dc49250489dcd8a8ba60?cid=9950ac751e34487dbbe027c4fd7f8e99","true","67","USUM71314029","spotify:user:11135692880","2019-03-28T00:36:35Z"
"spotify:track:1L0rvFTlpoR8rHxdR4lTSN","Gas Pedal","spotify:artist:6d47Z08T4snK50HgTEHo5Z, spotify:artist:2ZavqCJe7uqkRpISes0NFi","Sage The Gemini, Iamsu!","spotify:album:6PSbEhykje2uilFnaEfi4u","Remember Me","spotify:artist:6d47Z08T4snK50HgTEHo5Z","Sage The Gemini","2014-01-01","https://i.scdn.co/image/ab67616d0000b273642e3c395725063fd4dcb8df","1","4","208160","https://p.scdn.co/mp3-preview/c6907360382f88c067cad1382016e704057f01ef?cid=9950ac751e34487dbbe027c4fd7f8e99","true","0","USUYG1027384","spotify:user:11135692880","2019-03-28T00:36:37Z"
"spotify:track:3qQ6WFhcAx6LOH1UHz1c0U","Hookah","spotify:artist:5LHRHt1k9lMyONurDHEdrp, spotify:artist:50co4Is1HCEo8bhOyUWKpn","Tyga, Young Thug","spotify:album:18G8ZHAbJBrSwP9IwlNJMG","Hookah","spotify:artist:5LHRHt1k9lMyONurDHEdrp","Tyga","2014-01-01","https://i.scdn.co/image/ab67616d0000b273839ed848f33ed6ccf0df27a1","1","1","202320","https://p.scdn.co/mp3-preview/59461fb9f5e89d79cb410d1f91c20c0021aaf2c2?cid=9950ac751e34487dbbe027c4fd7f8e99","true","57","USCM51400085","spotify:user:11135692880","2019-03-28T00:36:39Z"
"spotify:track:4jtyUzZm9WLc2AdaJ1dso7","0 To 100 / The Catch Up","spotify:artist:3TVXtAsR1Inumwj472S9r4","Drake","spotify:album:5OkxLN5XaE9rLbgK2FuKBE","0 To 100 / The Catch Up","spotify:artist:3TVXtAsR1Inumwj472S9r4","Drake","2013-07-14","https://i.scdn.co/image/ab67616d0000b2732b83df1b3ca78269f49fa89f","1","1","275226","https://p.scdn.co/mp3-preview/bfa37086fd5c5f5e0325d41515fd900e2ff0df65?cid=9950ac751e34487dbbe027c4fd7f8e99","true","66","USCM51400222","spotify:user:11135692880","2019-03-28T00:36:40Z"
"spotify:track:6xhblLundMJAiG9jF7nlxs","Versace","spotify:artist:6oMuImdp5ZcFhWP0ESe6mG","Migos","spotify:album:4YmTZjHk8SmTFTiVMXBN1A","Young Rich N*ggas","spotify:artist:6oMuImdp5ZcFhWP0ESe6mG","Migos","2013-07-09","https://i.scdn.co/image/ab67616d0000b2738c1bb31c73c0a479830e78fd","1","3","195474","https://p.scdn.co/mp3-preview/43917b13c89f66fc4d5fe4328bd69bc71228e664?cid=9950ac751e34487dbbe027c4fd7f8e99","true","41","USUYG1031225","spotify:user:11135692880","2019-03-28T00:36:44Z"
"spotify:track:5uqphUYsR45kPYplrYSAQh","Throw Sum Mo","spotify:artist:7iZtZyCzp3LItcw1wtPI3D, spotify:artist:0hCNtLu0JehylgoiP8L4Gh, spotify:artist:50co4Is1HCEo8bhOyUWKpn","Rae Sremmurd, Nicki Minaj, Young Thug","spotify:album:6eDx949ONWDCN0O22wFZf7","SremmLife","spotify:artist:7iZtZyCzp3LItcw1wtPI3D","Rae Sremmurd","2015-01-06","https://i.scdn.co/image/ab67616d0000b2734ca3fb4517ff722918877460","1","8","260453","https://p.scdn.co/mp3-preview/01d71b3e08cbe591aa6d92916f0c7f480ac46f0e?cid=9950ac751e34487dbbe027c4fd7f8e99","true","61","USUM71417504","spotify:user:11135692880","2019-03-28T00:36:48Z"
"spotify:track:0zO8ctW0UiuOefR87OeJOZ","Collard Greens","spotify:artist:5IcR3N7QB1j6KBL8eImZ8m, spotify:artist:2YZyLoL8N0Wb9xBt1NhZWg","ScHoolboy Q, Kendrick Lamar","spotify:album:7Et3bSTLLqdABO1qCxUplS","Oxymoron (Deluxe)","spotify:artist:5IcR3N7QB1j6KBL8eImZ8m","ScHoolboy Q","2014-01-01","https://i.scdn.co/image/ab67616d0000b27336977e237a8f70ec6c990636","1","3","299960","https://p.scdn.co/mp3-preview/4a19ec418966837d86c62eb4ba3c96fd62a796f0?cid=9950ac751e34487dbbe027c4fd7f8e99","true","75","USUM71307354","spotify:user:11135692880","2019-03-28T00:36:50Z"
"spotify:track:20FZrLl9zSbO9b3DhaqO6M","23","spotify:artist:0NWbwDZY1VkRqFafuQm6wk, spotify:artist:5YGY8feqx7naU7z4HrwZM6, spotify:artist:137W8MRPWKqSmrBGDBFSop, spotify:artist:5gCRApTajqwbnHHPbr2Fpi","Mike WiLL Made-It, Miley Cyrus, Wiz Khalifa, Juicy J","spotify:album:5r7L8DlTsIKoDwSSiRf5M7","23","spotify:artist:0NWbwDZY1VkRqFafuQm6wk","Mike WiLL Made-It","2013-01-01","https://i.scdn.co/image/ab67616d0000b27344b72761419fcedcf38998b7","1","1","252520","https://p.scdn.co/mp3-preview/e9cfd931bcb56bbb93b3894aa17ef3988235f559?cid=9950ac751e34487dbbe027c4fd7f8e99","true","67","USUM71312049","spotify:user:11135692880","2019-03-28T00:36:51Z"
"spotify:track:0SqUFLaRXwufRUsJ0t4dXB","No Mediocre (feat. Iggy Azalea)","spotify:artist:4OBJLual30L7gRl5UkeRcT, spotify:artist:5yG7ZAZafVaAlMTeBybKAL","T.I., Iggy Azalea","spotify:album:4FADvCXok2GhepAWLE8Fs1","Paperwork (Deluxe Explicit)","spotify:artist:4OBJLual30L7gRl5UkeRcT","T.I.","2014-10-17","https://i.scdn.co/image/ab67616d0000b273d5fa47d88e82a737f7665323","1","7","202213","https://p.scdn.co/mp3-preview/ea7c63f41e3075886c26b895453f4eeb768cd3d8?cid=9950ac751e34487dbbe027c4fd7f8e99","true","52","USQX91401147","spotify:user:11135692880","2019-03-28T00:36:55Z"
"spotify:track:0Dc7J9VPV4eOInoxUiZrsL","Don't Tell 'Em","spotify:artist:3KV3p5EY4AvKxOlhGHORLg, spotify:artist:0A0FS04o6zMoto8OKPsDwY","Jeremih, YG","spotify:album:7DMyQuDPe8xzjC0UDSDa96","Late Nights: The Album","spotify:artist:3KV3p5EY4AvKxOlhGHORLg","Jeremih","2015-12-04","https://i.scdn.co/image/ab67616d0000b273262c8e955ad5c60b1d0abf53","1","12","266840","https://p.scdn.co/mp3-preview/7363b55dd9442520555c2dc0f03b3452ec6183a3?cid=9950ac751e34487dbbe027c4fd7f8e99","true","72","USUM71406166","spotify:user:11135692880","2019-03-28T00:37:12Z"
"spotify:track:1wHZx0LgzFHyeIZkUydNXq","Antidote","spotify:artist:0Y5tJX1MQlPlqiwlOH1tJY","Travis Scott","spotify:album:4PWBTB6NYSKQwfo79I3prg","Rodeo","spotify:artist:0Y5tJX1MQlPlqiwlOH1tJY","Travis Scott","2015-09-04","https://i.scdn.co/image/ab67616d0000b2736cfd9a7353f98f5165ea6160","1","9","262693","https://p.scdn.co/mp3-preview/3af0e983150e1c29e63fa88c8a2bab6cbe24cf7a?cid=9950ac751e34487dbbe027c4fd7f8e99","true","73","USSM11505661","spotify:user:11135692880","2019-03-28T00:37:17Z"
"spotify:track:4q6dqyGM25sKFU8nYAGRe4","Show Me (feat. Chris Brown)","spotify:artist:6KZDXtSj0SzGOV705nNeh3, spotify:artist:7bXgB6jMjp9ATFy66eO08Z","Kid Ink, Chris Brown","spotify:album:6qBNm8dkdowRUUrN7uwR11","My Own Lane (Expanded Edition)","spotify:artist:6KZDXtSj0SzGOV705nNeh3","Kid Ink","2014-01-06","https://i.scdn.co/image/ab67616d0000b273f8d9263f7af76538827b7afd","1","3","217800","https://p.scdn.co/mp3-preview/76350432076d7c183bbf64ce40b9567cb11db582?cid=9950ac751e34487dbbe027c4fd7f8e99","true","67","USRC11301420","spotify:user:11135692880","2019-03-28T00:37:18Z"
"spotify:track:0PT7nlpo11hYYyfnBgtilT","Nasty Freestyle","spotify:artist:4MIULe6tfg2loNzBy5B9eu","T-Wayne","spotify:album:7BqiR1ZnYFkcOnoNIpk7bS","Nasty Freestyle","spotify:artist:4MIULe6tfg2loNzBy5B9eu","T-Wayne","2015-05-04","https://i.scdn.co/image/ab67616d0000b273f77cce79bf033cc73f9c5b7d","1","1","142212","https://p.scdn.co/mp3-preview/04e0f68da7abb2aa50a814b6b0e3ed834453c3ab?cid=9950ac751e34487dbbe027c4fd7f8e99","true","55","QMCE31500241","spotify:user:11135692880","2019-03-28T00:37:19Z"
"spotify:track:0wdKiSBUT7aZkXUIdJWcwC","2 Phones","spotify:artist:1gPhS1zisyXr5dHTYZyiMe","Kevin Gates","spotify:album:5Hs43ta4vAYKRRRR7DKjt9","Islah (Deluxe)","spotify:artist:1gPhS1zisyXr5dHTYZyiMe","Kevin Gates","2016-01-29","https://i.scdn.co/image/ab67616d0000b273e9f118d86ff427f89bdcbb74","1","3","240000","https://p.scdn.co/mp3-preview/865b59a26c8ae8729df7514a0623661820cfcefb?cid=9950ac751e34487dbbe027c4fd7f8e99","true","65","USAT21503158","spotify:user:11135692880","2019-03-28T00:37:29Z"
"spotify:track:2npJP0YTkykkqjezhA1g8f","Be Real (feat. DeJ Loaf)","spotify:artist:6KZDXtSj0SzGOV705nNeh3, spotify:artist:7kFfY4UjNdNyaeUgLIEbIF","Kid Ink, DeJ Loaf","spotify:album:3Y5gM9xG4U5bXyMjpPWIRP","Full Speed (Expanded Edition)","spotify:artist:6KZDXtSj0SzGOV705nNeh3","Kid Ink","2015-03-04","https://i.scdn.co/image/ab67616d0000b27324aaa74351e83d0515f8c106","1","7","206720","https://p.scdn.co/mp3-preview/a77736305d2c30ef768cd3f7799a8180ea3711aa?cid=9950ac751e34487dbbe027c4fd7f8e99","true","56","USRC11403162","spotify:user:11135692880","2019-03-28T00:37:29Z"
"spotify:track:2asIUjALYhUbH8hvLUhDWo","Main Chick (feat. Chris Brown)","spotify:artist:6KZDXtSj0SzGOV705nNeh3, spotify:artist:7bXgB6jMjp9ATFy66eO08Z","Kid Ink, Chris Brown","spotify:album:6qBNm8dkdowRUUrN7uwR11","My Own Lane (Expanded Edition)","spotify:artist:6KZDXtSj0SzGOV705nNeh3","Kid Ink","2014-01-06","https://i.scdn.co/image/ab67616d0000b273f8d9263f7af76538827b7afd","1","6","197813","https://p.scdn.co/mp3-preview/2921e7c95a40d9a6228c5a6a01472bf158291478?cid=9950ac751e34487dbbe027c4fd7f8e99","true","61","USRC11302077","spotify:user:11135692880","2019-03-28T00:37:30Z"
"spotify:track:7F51q96XofOD2lntm7hzvQ","Body Language (feat. Usher & Tinashe)","spotify:artist:6KZDXtSj0SzGOV705nNeh3, spotify:artist:23zg3TcAtWQy7J6upgbUnj, spotify:artist:0NIIxcxNHmOoyBx03SfTCD","Kid Ink, USHER, Tinashe","spotify:album:3Y5gM9xG4U5bXyMjpPWIRP","Full Speed (Expanded Edition)","spotify:artist:6KZDXtSj0SzGOV705nNeh3","Kid Ink","2015-03-04","https://i.scdn.co/image/ab67616d0000b27324aaa74351e83d0515f8c106","1","4","206186","https://p.scdn.co/mp3-preview/a089974869d4528a01917ba4ee16ad8c62686a5f?cid=9950ac751e34487dbbe027c4fd7f8e99","true","53","USRC11402051","spotify:user:11135692880","2019-03-28T00:38:09Z"
"spotify:track:0k6DnZMLoEUH8NGD5zh2SE","Ayo","spotify:artist:7bXgB6jMjp9ATFy66eO08Z, spotify:artist:5LHRHt1k9lMyONurDHEdrp","Chris Brown, Tyga","spotify:album:4neocSMt40stXKK2B8Sy2G","Fan of A Fan The Album (Expanded Edition)","spotify:artist:7bXgB6jMjp9ATFy66eO08Z, spotify:artist:5LHRHt1k9lMyONurDHEdrp","Chris Brown, Tyga","2015-02-24","https://i.scdn.co/image/ab67616d0000b273770842637a8e7348fc4687a3","1","3","225226","https://p.scdn.co/mp3-preview/dda3c32dab58d9ebf5c98906d36203bf0598a496?cid=9950ac751e34487dbbe027c4fd7f8e99","true","70","USRC11403042","spotify:user:11135692880","2019-03-28T00:38:15Z"
"spotify:track:26rdOwwjC2UnweK3xeS58u","GDFR (feat. Sage the Gemini & Lookas)","spotify:artist:0jnsk9HBra6NMjO2oANoPY, spotify:artist:6d47Z08T4snK50HgTEHo5Z, spotify:artist:27fy6rHPC58Eo2VUu0iJSG","Flo Rida, Sage The Gemini, Lookas","spotify:album:5lkNnHVlnCCCV304t89wOH","My House","spotify:artist:0jnsk9HBra6NMjO2oANoPY","Flo Rida","2015-04-07","https://i.scdn.co/image/ab67616d0000b2737947bf3e8af32378de181b41","1","6","190185","https://p.scdn.co/mp3-preview/6316ccb80845938fad240c7e9d560b997c742544?cid=9950ac751e34487dbbe027c4fd7f8e99","false","70","USAT21404117","spotify:user:11135692880","2019-03-28T00:38:20Z"
"spotify:track:10I3CmmwT0BkOVhduDy53o","Really Really","spotify:artist:1gPhS1zisyXr5dHTYZyiMe","Kevin Gates","spotify:album:5Hs43ta4vAYKRRRR7DKjt9","Islah (Deluxe)","spotify:artist:1gPhS1zisyXr5dHTYZyiMe","Kevin Gates","2016-01-29","https://i.scdn.co/image/ab67616d0000b273e9f118d86ff427f89bdcbb74","1","2","232093","https://p.scdn.co/mp3-preview/5df72a13347062ea9e32c89e743136ee4ccf3de6?cid=9950ac751e34487dbbe027c4fd7f8e99","true","67","USAT21503157","spotify:user:11135692880","2019-03-28T00:38:25Z"
"spotify:track:5zBqPjh3vfttJScml99szD","Back Up (feat. Big Sean)","spotify:artist:7kFfY4UjNdNyaeUgLIEbIF, spotify:artist:0c173mlxpT3dSFRgMO8XPh","DeJ Loaf, Big Sean","spotify:album:2iddYIK2mKu5DSpIGZCuAC","Back Up (feat. Big Sean)","spotify:artist:7kFfY4UjNdNyaeUgLIEbIF","DeJ Loaf","2015-07-15","https://i.scdn.co/image/ab67616d0000b273c629006444ac20ebbc675785","1","1","241200","https://p.scdn.co/mp3-preview/8b065f9257b2cc73b63734a6d25b90046788d4c9?cid=9950ac751e34487dbbe027c4fd7f8e99","true","52","USSM11505761","spotify:user:11135692880","2019-03-28T00:39:50Z"
"spotify:track:0N3W5peJUQtI4eyR6GJT5O","King Kunta","spotify:artist:2YZyLoL8N0Wb9xBt1NhZWg","Kendrick Lamar","spotify:album:7ycBtnsMtyVbbwTfJwRjSP","To Pimp A Butterfly","spotify:artist:2YZyLoL8N0Wb9xBt1NhZWg","Kendrick Lamar","2015-03-16","https://i.scdn.co/image/ab67616d0000b273cdb645498cd3d8a2db4d05e1","1","3","234693","https://p.scdn.co/mp3-preview/8da67ed9ab87b1bce93a71f11c50e022f4ed4b9e?cid=9950ac751e34487dbbe027c4fd7f8e99","true","73","USUM71502494","spotify:user:11135692880","2019-03-28T00:40:05Z"
"spotify:track:1UIcqXAA24eg76EFWViwr5","Martians Vs Goblins","spotify:artist:0NbfKEOTQCcwd6o7wSDOHI, spotify:artist:55Aa2cqylxrFIXC767Z865, spotify:artist:4V8LLVI7PbaPR0K2TGSxFF","The Game, Lil Wayne, Tyler\, The Creator","spotify:album:6PvZnd9Q2ymDo3gpoM5I37","The R.E.D. Album","spotify:artist:0NbfKEOTQCcwd6o7wSDOHI","The Game","2011-01-01","https://i.scdn.co/image/ab67616d0000b2739694b30f3bf3eb96a95e18da","1","4","228826","https://p.scdn.co/mp3-preview/fb16e6f087811c54fb8cc91d24bd2daea10ccc43?cid=9950ac751e34487dbbe027c4fd7f8e99","true","51","USUM71112097","spotify:user:11135692880","2019-03-28T00:42:41Z"
"spotify:track:2XDdHuoRmBeOaBIOSclj2k","Started From the Bottom","spotify:artist:3TVXtAsR1Inumwj472S9r4","Drake","spotify:album:66qsRPfBPtHG83QRxQTwsJ","Started From the Bottom","spotify:artist:3TVXtAsR1Inumwj472S9r4","Drake","2013-01-01","https://i.scdn.co/image/ab67616d0000b273193f6ad901b5a1e72c4c084b","1","1","173160","https://p.scdn.co/mp3-preview/bb6332b850acf502addf4d3d4211fbcdb5fef5b5?cid=9950ac751e34487dbbe027c4fd7f8e99","true","38","USCM51300064","spotify:user:11135692880","2019-03-28T00:43:00Z"
"spotify:track:6gf1xlPETW9CwjsdnUzW3g","HeadBand (feat. 2 Chainz)","spotify:artist:5ndkK3dpZLKtBklKjxNQwT, spotify:artist:17lzZA2AlOHwCwFALHttmp","B.o.B, 2 Chainz","spotify:album:07UOxI5w8mncLUE0LLl5DR","HeadBand (feat. 2 Chainz)","spotify:artist:5ndkK3dpZLKtBklKjxNQwT","B.o.B","2013-05-21","https://i.scdn.co/image/ab67616d0000b27365f20f572e71ba7bf8bd4e5d","1","1","219833","https://p.scdn.co/mp3-preview/1b915571f0d29609e8c0c3ad5d6fe3aa9858a348?cid=9950ac751e34487dbbe027c4fd7f8e99","true","45","USAT21301167","spotify:user:11135692880","2019-03-28T00:43:23Z"
"spotify:track:45GtRWedzDAzG55MPosniU","Show Me","spotify:artist:6KZDXtSj0SzGOV705nNeh3, spotify:artist:7bXgB6jMjp9ATFy66eO08Z","Kid Ink, Chris Brown","spotify:album:4nwOwZN4sfWdvWq2e3Z6jH","Show Me","spotify:artist:6KZDXtSj0SzGOV705nNeh3","Kid Ink","2013-09-17","https://i.scdn.co/image/ab67616d0000b2734fa6345f2fecb50f45855bff","1","1","219640","https://p.scdn.co/mp3-preview/76350432076d7c183bbf64ce40b9567cb11db582?cid=9950ac751e34487dbbe027c4fd7f8e99","true","0","USRC11301420","spotify:user:11135692880","2019-03-28T00:43:36Z"
"spotify:track:3twQx3psUMJKj4wna5d1zU","Trap Queen","spotify:artist:6PXS4YHDkKvl1wkIl4V8DL","Fetty Wap","spotify:album:67ji7he2Wbq7qjF2SeowDz","Trap Queen","spotify:artist:6PXS4YHDkKvl1wkIl4V8DL","Fetty Wap","2014-12-15","https://i.scdn.co/image/ab67616d0000b2737f2d8078f30632424023307d","1","1","222093","https://p.scdn.co/mp3-preview/bb80bc456e2de9dc8340862fce79addd6b008fe4?cid=9950ac751e34487dbbe027c4fd7f8e99","true","36","QM7XC1400004","spotify:user:11135692880","2019-03-28T00:44:10Z"
"spotify:track:5nN8BwAQDJDguq7Dpd3JQQ","Where Ya At (feat. Drake)","spotify:artist:1RyvyyTE3xzB2ZywiAwp0i, spotify:artist:3TVXtAsR1Inumwj472S9r4","Future, Drake","spotify:album:0fUy6IdLHDpGNwavIlhEsl","DS2 - Deluxe","spotify:artist:1RyvyyTE3xzB2ZywiAwp0i","Future","2015-07-17","https://i.scdn.co/image/ab67616d0000b273b2592bea12d840fd096ef965","1","3","208026","https://p.scdn.co/mp3-preview/76fa4f447fc86fa6eb60aa96085a70d1b56399f8?cid=9950ac751e34487dbbe027c4fd7f8e99","true","63","USSM11505577","spotify:user:11135692880","2019-03-28T00:44:24Z"
"spotify:track:32lmL4vQAAotg6MrJnhlQZ","Work","spotify:artist:5pKCCKE2ajJHZ9KAiaK11H, spotify:artist:3TVXtAsR1Inumwj472S9r4","Rihanna, Drake","spotify:album:3Q149ZH46Z0f3oDR7vlDYV","ANTI","spotify:artist:5pKCCKE2ajJHZ9KAiaK11H","Rihanna","2016-01-28","https://i.scdn.co/image/ab67616d0000b27333de8537b313380d4f4c3ca6","1","4","219320","https://p.scdn.co/mp3-preview/453654d8e72b72f5d44ed084007809679e2ec18e?cid=9950ac751e34487dbbe027c4fd7f8e99","true","0","QM5FT1600116","spotify:user:11135692880","2019-03-28T00:44:27Z"
"spotify:track:1bzM1cd6oqFozdr4wK6HdR","Blessings","spotify:artist:0c173mlxpT3dSFRgMO8XPh, spotify:artist:3TVXtAsR1Inumwj472S9r4","Big Sean, Drake","spotify:album:1j2x7FJXTgUT0X5hZ8TDXE","Dark Sky Paradise","spotify:artist:0c173mlxpT3dSFRgMO8XPh","Big Sean","2015-02-23","https://i.scdn.co/image/ab67616d0000b27350192d5f728fea13fb3af203","1","2","252040","https://p.scdn.co/mp3-preview/0d18d2479cc9c57deda8363a0b7aca05bc26cde5?cid=9950ac751e34487dbbe027c4fd7f8e99","true","59","USUM71501153","spotify:user:11135692880","2019-03-28T00:44:41Z"
"spotify:track:7kqcudBGM74MXVoYMaoWkC","Loyal","spotify:artist:7bXgB6jMjp9ATFy66eO08Z, spotify:artist:55Aa2cqylxrFIXC767Z865, spotify:artist:5LHRHt1k9lMyONurDHEdrp","Chris Brown, Lil Wayne, Tyga","spotify:album:4yOWnTrCkOOpl4IiVnpj3H","X (Deluxe Version)","spotify:artist:7bXgB6jMjp9ATFy66eO08Z","Chris Brown","2014-09-12","https://i.scdn.co/image/ab67616d0000b2732fa07c5de267229a015fe25d","1","3","264946","https://p.scdn.co/mp3-preview/9696b487065b7208ef30666935eb4781df6b5d8a?cid=9950ac751e34487dbbe027c4fd7f8e99","true","0","USRC11400614","spotify:user:11135692880","2019-03-28T00:45:59Z"
"spotify:track:3PiLfzEXHrvT1oJKR8PAJt","Bitches N Marijuana (feat. ScHoolboy Q)","spotify:artist:7bXgB6jMjp9ATFy66eO08Z, spotify:artist:5LHRHt1k9lMyONurDHEdrp, spotify:artist:5IcR3N7QB1j6KBL8eImZ8m","Chris Brown, Tyga, ScHoolboy Q","spotify:album:4neocSMt40stXKK2B8Sy2G","Fan of A Fan The Album (Expanded Edition)","spotify:artist:7bXgB6jMjp9ATFy66eO08Z, spotify:artist:5LHRHt1k9lMyONurDHEdrp","Chris Brown, Tyga","2015-02-24","https://i.scdn.co/image/ab67616d0000b273770842637a8e7348fc4687a3","1","11","254693","https://p.scdn.co/mp3-preview/9f8ff6f4df96e8aa1be80647975c5475c16622eb?cid=9950ac751e34487dbbe027c4fd7f8e99","true","57","USRC11500122","spotify:user:11135692880","2019-03-28T00:46:40Z"
"spotify:track:27GmP9AWRs744SzKcpJsTZ","Jumpman","spotify:artist:3TVXtAsR1Inumwj472S9r4, spotify:artist:1RyvyyTE3xzB2ZywiAwp0i","Drake, Future","spotify:album:1ozpmkWcCHwsQ4QTnxOOdT","What A Time To Be Alive","spotify:artist:3TVXtAsR1Inumwj472S9r4, spotify:artist:1RyvyyTE3xzB2ZywiAwp0i","Drake, Future","2015-09-20","https://i.scdn.co/image/ab67616d0000b273d6adfbd3f091d6f2b9af6507","1","9","205879","https://p.scdn.co/mp3-preview/7e96c1e06866ccef196f4de86e77fee72f1f0a0d?cid=9950ac751e34487dbbe027c4fd7f8e99","true","68","USCM51500300","spotify:user:11135692880","2019-03-28T00:47:00Z"
"spotify:track:26XUAwGZqQEyy8Ubhtj4kq","Feelin' Myself","spotify:artist:085pc2PYOi8bGKj0PNjekA, spotify:artist:5YGY8feqx7naU7z4HrwZM6, spotify:artist:6vXTefBL93Dj5IqAWq6OTv, spotify:artist:137W8MRPWKqSmrBGDBFSop, spotify:artist:0YinUQ50QDB7ZxSCLyQ40k","will.i.am, Miley Cyrus, French Montana, Wiz Khalifa, Mustard","spotify:album:6edYDxspt9uQj21mbAfFIb","#willpower","spotify:artist:085pc2PYOi8bGKj0PNjekA","will.i.am","2013-01-01","https://i.scdn.co/image/ab67616d0000b273e6082141bd7c86ae9f11ea26","1","5","253546","https://p.scdn.co/mp3-preview/ed43e440ea183a5da1b81a21b2ceedcc168bcb6d?cid=9950ac751e34487dbbe027c4fd7f8e99","true","58","USUM71318557","spotify:user:11135692880","2019-03-28T00:48:52Z"
"spotify:track:1eLU27PPFxBhbp1CBjPh9J","1Train (feat. Kendrick Lamar, Joey Bada$$, Yelawolf, Danny Brown, Action Bronson & Big K.R.I.T.)","spotify:artist:13ubrt8QOOCPljQ2FL1Kca, spotify:artist:2YZyLoL8N0Wb9xBt1NhZWg, spotify:artist:2P5sC9cVZDToPxyomzF1UH, spotify:artist:68DWke2VjdDmA75aJX5C57, spotify:artist:7aA592KWirLsnfb5ulGWvU, spotify:artist:7BMccF0hQFBpP6417k1OtQ, spotify:artist:0CKa42Jqrc9fSFbDjePaXP","A$AP Rocky, Kendrick Lamar, Joey Bada$$, Yelawolf, Danny Brown, Action Bronson, Big K.R.I.T.","spotify:album:6rzMufuu8sLkIizM4q9c7J","LONG.LIVE.A$AP (Deluxe Version)","spotify:artist:13ubrt8QOOCPljQ2FL1Kca","A$AP Rocky","2013","https://i.scdn.co/image/ab67616d0000b2732ae92030b51fb8135d694af9","1","9","372173","https://p.scdn.co/mp3-preview/f69b990fcdf7b991681d42508ef93277e6a77f9d?cid=9950ac751e34487dbbe027c4fd7f8e99","true","62","USRC11201455","spotify:user:11135692880","2019-03-28T00:49:24Z"
"spotify:track:375YEKrb4JSu03HPzwOFfJ","Jodye","spotify:artist:13ubrt8QOOCPljQ2FL1Kca","A$AP Rocky","spotify:album:6rzMufuu8sLkIizM4q9c7J","LONG.LIVE.A$AP (Deluxe Version)","spotify:artist:13ubrt8QOOCPljQ2FL1Kca","A$AP Rocky","2013","https://i.scdn.co/image/ab67616d0000b2732ae92030b51fb8135d694af9","1","13","260760","https://p.scdn.co/mp3-preview/95cd42daf810fca5ddc617c5358758e73253cb38?cid=9950ac751e34487dbbe027c4fd7f8e99","true","47","USRC11201463","spotify:user:11135692880","2019-03-28T00:49:44Z"
"spotify:track:1j6kDJttn6wbVyMaM42Nxm","Lord Pretty Flacko Jodye 2 (LPFJ2)","spotify:artist:13ubrt8QOOCPljQ2FL1Kca","A$AP Rocky","spotify:album:3arNdjotCvtiiLFfjKngMc","AT.LONG.LAST.A$AP","spotify:artist:13ubrt8QOOCPljQ2FL1Kca","A$AP Rocky","2015-05-26","https://i.scdn.co/image/ab67616d0000b27381a6a2cafab2e7a4066b5eec","1","7","126960","https://p.scdn.co/mp3-preview/246ee8e467fba5701f3b15a81a69194079b41f2a?cid=9950ac751e34487dbbe027c4fd7f8e99","true","74","USRC11403063","spotify:user:11135692880","2019-03-28T00:49:52Z"
"spotify:track:2N3U8uTYhjX2KwGT0pf5x0","Everyday (feat. Rod Stewart, Miguel & Mark Ronson)","spotify:artist:13ubrt8QOOCPljQ2FL1Kca, spotify:artist:2y8Jo9CKhJvtfeKOsYzRdT, spotify:artist:360IAlyVv4PCEVjgyMZrxK, spotify:artist:3hv9jJF3adDNsBSIQDqcjp","A$AP Rocky, Rod Stewart, Miguel, Mark Ronson","spotify:album:3arNdjotCvtiiLFfjKngMc","AT.LONG.LAST.A$AP","spotify:artist:13ubrt8QOOCPljQ2FL1Kca","A$AP Rocky","2015-05-26","https://i.scdn.co/image/ab67616d0000b27381a6a2cafab2e7a4066b5eec","1","17","260986","https://p.scdn.co/mp3-preview/220febf485c664a356b31f667ac3dcdcb9ab33dd?cid=9950ac751e34487dbbe027c4fd7f8e99","true","77","USRC11500811","spotify:user:11135692880","2019-03-28T00:50:02Z"
"spotify:track:1UZ25gykR30Oewh3dBRtVZ","Only","spotify:artist:0hCNtLu0JehylgoiP8L4Gh, spotify:artist:3TVXtAsR1Inumwj472S9r4, spotify:artist:55Aa2cqylxrFIXC767Z865, spotify:artist:7bXgB6jMjp9ATFy66eO08Z","Nicki Minaj, Drake, Lil Wayne, Chris Brown","spotify:album:40XGTQ7FN6Y3dZXJhKBe96","The Pinkprint - International Deluxe Explicit","spotify:artist:0hCNtLu0JehylgoiP8L4Gh","Nicki Minaj","2014-12-12","https://i.scdn.co/image/ab67616d0000b27305d647d0e976e7fb2460492e","1","6","312026","https://p.scdn.co/mp3-preview/439448e65b3724dfdf13d8caf23dee0f6b418095?cid=9950ac751e34487dbbe027c4fd7f8e99","true","61","USCM51400340","spotify:user:11135692880","2019-03-28T00:51:05Z"
"spotify:track:1zBBo7indT2foQGQUoloWj","Invincible","spotify:artist:6TIYQ3jFPwQSRmorSezPxX, spotify:artist:0v2Y5jwtcv8LiWNTRls1KM","mgk, Ester Dean","spotify:album:3A9kcRzKS8zQtbQ0JwksuS","Lace Up","spotify:artist:6TIYQ3jFPwQSRmorSezPxX","mgk","2012-01-01","https://i.scdn.co/image/ab67616d0000b273cfac68443715de902bd7ea53","1","11","185733","https://p.scdn.co/mp3-preview/972f39c514589d04eaa53285e3e568bacecb1ab3?cid=9950ac751e34487dbbe027c4fd7f8e99","true","51","USUM71119407","spotify:user:11135692880","2019-03-28T00:52:15Z"
"spotify:track:7vicvhgtH7AwJHYGksV5C7","Wild Boy","spotify:artist:6TIYQ3jFPwQSRmorSezPxX, spotify:artist:6f4XkbvYlXMH0QgVRzW0sM","mgk, Waka Flocka Flame","spotify:album:3A9kcRzKS8zQtbQ0JwksuS","Lace Up","spotify:artist:6TIYQ3jFPwQSRmorSezPxX","mgk","2012-01-01","https://i.scdn.co/image/ab67616d0000b273cfac68443715de902bd7ea53","1","3","231373","https://p.scdn.co/mp3-preview/b551823343a5c40e814a3f8772cff0e5da7bde9e?cid=9950ac751e34487dbbe027c4fd7f8e99","true","37","USUM71115180","spotify:user:11135692880","2019-03-28T00:55:12Z"
"spotify:track:5A6OHHy73AR5tLxgTc98zz","Black and Yellow","spotify:artist:137W8MRPWKqSmrBGDBFSop","Wiz Khalifa","spotify:album:6ZOXiVL8rmk2ATHJiFJhiD","Rolling Papers","spotify:artist:137W8MRPWKqSmrBGDBFSop","Wiz Khalifa","2011-03-29","https://i.scdn.co/image/ab67616d0000b273fe3cf32b1320e8ded39d8c74","1","3","217666","https://p.scdn.co/mp3-preview/971e63e8dd67db27dccb59dab22a559bcb31b22c?cid=9950ac751e34487dbbe027c4fd7f8e99","true","73","USAT21001800","spotify:user:11135692880","2019-03-28T00:56:05Z"
"spotify:track:55YHftnlehUQQJoTSLKCxj","Up All Night","spotify:artist:3TVXtAsR1Inumwj472S9r4, spotify:artist:0hCNtLu0JehylgoiP8L4Gh","Drake, Nicki Minaj","spotify:album:6agmeioaDOBupymziJihgB","Thank Me Later (Int'l Version)","spotify:artist:3TVXtAsR1Inumwj472S9r4","Drake","2010-01-01","https://i.scdn.co/image/ab67616d0000b27372babba16ea5e3afe690b4f1","1","6","234333","https://p.scdn.co/mp3-preview/af0c8a971470bc077db68cb5fd34e234613a3d38?cid=9950ac751e34487dbbe027c4fd7f8e99","true","55","USCM51000255","spotify:user:11135692880","2019-03-28T00:56:56Z"
"spotify:track:124NFj84ppZ5pAxTuVQYCQ","Take Care","spotify:artist:3TVXtAsR1Inumwj472S9r4, spotify:artist:5pKCCKE2ajJHZ9KAiaK11H","Drake, Rihanna","spotify:album:6X1x82kppWZmDzlXXK3y3q","Take Care (Deluxe)","spotify:artist:3TVXtAsR1Inumwj472S9r4","Drake","2011-11-15","https://i.scdn.co/image/ab67616d0000b273c7ea04a9b455e3f68ef82550","1","5","277386","https://p.scdn.co/mp3-preview/576afa0b9a7724cac0378f64458d38cea6ee0524?cid=9950ac751e34487dbbe027c4fd7f8e99","true","74","USCM51100547","spotify:user:11135692880","2019-03-28T00:57:06Z"
"spotify:track:4Kz4RdRCceaA9VgTqBhBfa","The Motto","spotify:artist:3TVXtAsR1Inumwj472S9r4, spotify:artist:55Aa2cqylxrFIXC767Z865","Drake, Lil Wayne","spotify:album:6X1x82kppWZmDzlXXK3y3q","Take Care (Deluxe)","spotify:artist:3TVXtAsR1Inumwj472S9r4","Drake","2011-11-15","https://i.scdn.co/image/ab67616d0000b273c7ea04a9b455e3f68ef82550","1","19","181573","https://p.scdn.co/mp3-preview/d32fbe07ba7d7193c8ae8e53e225fa8d624e4fc4?cid=9950ac751e34487dbbe027c4fd7f8e99","true","73","USCM51100731","spotify:user:11135692880","2019-03-28T00:57:13Z"
"spotify:track:3dgQqOiQ9fCKVhNOedd2lf","Started From the Bottom","spotify:artist:3TVXtAsR1Inumwj472S9r4","Drake","spotify:album:2ZUFSbIkmFkGag000RWOpA","Nothing Was The Same - Deluxe","spotify:artist:3TVXtAsR1Inumwj472S9r4","Drake","2013-01-01","https://i.scdn.co/image/ab67616d0000b273adfb5909ec66db5fbb4d06c8","1","3","174120","https://p.scdn.co/mp3-preview/e6c12614d3d9d45c984d5a1b8214b3b990d50f07?cid=9950ac751e34487dbbe027c4fd7f8e99","true","63","USCM51300064","spotify:user:11135692880","2019-03-28T00:57:21Z"
"spotify:track:3X37NtwadSS0RM20dh2IgP","Worst Behavior","spotify:artist:3TVXtAsR1Inumwj472S9r4","Drake","spotify:album:2ZUFSbIkmFkGag000RWOpA","Nothing Was The Same - Deluxe","spotify:artist:3TVXtAsR1Inumwj472S9r4","Drake","2013-01-01","https://i.scdn.co/image/ab67616d0000b273adfb5909ec66db5fbb4d06c8","1","6","270200","https://p.scdn.co/mp3-preview/ce977e15ef46ce96b5da3d2e79e27d696c68c5df?cid=9950ac751e34487dbbe027c4fd7f8e99","true","53","USCM51300742","spotify:user:11135692880","2019-03-28T00:57:25Z"
"spotify:track:5ngydCLbzCEdtu8SEOXhPU","All Me","spotify:artist:3TVXtAsR1Inumwj472S9r4, spotify:artist:17lzZA2AlOHwCwFALHttmp, spotify:artist:0c173mlxpT3dSFRgMO8XPh","Drake, 2 Chainz, Big Sean","spotify:album:2ZUFSbIkmFkGag000RWOpA","Nothing Was The Same - Deluxe","spotify:artist:3TVXtAsR1Inumwj472S9r4","Drake","2013-01-01","https://i.scdn.co/image/ab67616d0000b273adfb5909ec66db5fbb4d06c8","1","15","271573","https://p.scdn.co/mp3-preview/d6d65c943827b2f70079d3c3d65a62d57aef1767?cid=9950ac751e34487dbbe027c4fd7f8e99","true","55","USCM51300758","spotify:user:11135692880","2019-03-28T00:57:34Z"
"spotify:track:1GMDpf82TUwTVBPYiu0dmR","Switch Lanes","spotify:artist:5LHRHt1k9lMyONurDHEdrp, spotify:artist:0NbfKEOTQCcwd6o7wSDOHI","Tyga, The Game","spotify:album:5PKYeoSKEVQd7ZTnwnWRn7","Hotel California (Deluxe)","spotify:artist:5LHRHt1k9lMyONurDHEdrp","Tyga","2013-01-01","https://i.scdn.co/image/ab67616d0000b27365f358fd6aaedb92bf28ca4f","1","18","221493","https://p.scdn.co/mp3-preview/c57f9494298dd756e117cfe682b1f32e21c75c04?cid=9950ac751e34487dbbe027c4fd7f8e99","true","56","USCM51300333","spotify:user:11135692880","2019-03-28T00:58:28Z"
"spotify:track:21nFIDqoD1L7ELsprVSzOR","Rack City","spotify:artist:5LHRHt1k9lMyONurDHEdrp","Tyga","spotify:album:65CquQgUA42ecr7n6bGtOI","Careless World: Rise Of The Last King","spotify:artist:5LHRHt1k9lMyONurDHEdrp","Tyga","2012-01-01","https://i.scdn.co/image/ab67616d0000b273b0e97e7b9e4d143743612dd2","1","11","203200","https://p.scdn.co/mp3-preview/edc6fdbac52723e8790c96260fcc239d659be07d?cid=9950ac751e34487dbbe027c4fd7f8e99","true","59","USCM51200057","spotify:user:11135692880","2019-03-28T00:58:45Z"
"spotify:track:17AS0y6FnHdYImAPUydAJg","Jump Out the Face (feat. Future)","spotify:artist:20sxb77xiYeusSH8cVdatc, spotify:artist:1RyvyyTE3xzB2ZywiAwp0i","Meek Mill, Future","spotify:album:2O3OKOYCub892PUGprsaQo","Dreams Worth More Than Money","spotify:artist:20sxb77xiYeusSH8cVdatc","Meek Mill","2015-06-29","https://i.scdn.co/image/ab67616d0000b273fd31cd96c4ba94c40532cc34","1","3","161906","https://p.scdn.co/mp3-preview/93f5638c2a233b422824fb2387423b05e1635dc3?cid=9950ac751e34487dbbe027c4fd7f8e99","true","57","USAT21501571","spotify:user:11135692880","2019-03-28T01:03:04Z"
"spotify:track:71E26auPyjYJDuHzDI48EO","Iz U Down (feat. Tyga)","spotify:artist:6KZDXtSj0SzGOV705nNeh3, spotify:artist:5LHRHt1k9lMyONurDHEdrp","Kid Ink, Tyga","spotify:album:6qBNm8dkdowRUUrN7uwR11","My Own Lane (Expanded Edition)","spotify:artist:6KZDXtSj0SzGOV705nNeh3","Kid Ink","2014-01-06","https://i.scdn.co/image/ab67616d0000b273f8d9263f7af76538827b7afd","1","4","235706","https://p.scdn.co/mp3-preview/c5977c2caeea6b27437f2861b22dd19ab74e64a2?cid=9950ac751e34487dbbe027c4fd7f8e99","true","38","USRC11302075","spotify:user:11135692880","2019-03-28T01:04:02Z"
"spotify:track:5qXP6eXFBgpk6N9A9jzpYY","Ballin' (feat. Wiz Khalifa, Teyana Taylor)","spotify:artist:3ScY9CQxNLQei8Umvpx5g6","Fat Joe","spotify:album:0sqlBqrWJcl71NY4JM76LQ","Ballin' (feat. Wiz Khalifa & Teyana Taylor) - Single","spotify:artist:3ScY9CQxNLQei8Umvpx5g6","Fat Joe","2013-03-19","https://i.scdn.co/image/ab67616d0000b27317395ce97329d9e3793e6329","1","1","245133","https://p.scdn.co/mp3-preview/1b05e8aeb33af7787c308082e4c5dd06b7dccfc1?cid=9950ac751e34487dbbe027c4fd7f8e99","true","23","USUYG1027381","spotify:user:11135692880","2019-03-28T01:06:28Z"
"spotify:track:61QSuw5VlC0LTS8WMO356g","All The Way Up (feat. Infared)","spotify:artist:3ScY9CQxNLQei8Umvpx5g6, spotify:artist:39mHYiNmLR7p8PXNG8Wll6, spotify:artist:6vXTefBL93Dj5IqAWq6OTv, spotify:artist:4R529xQ7WQfRpSEXaHFbRg","Fat Joe, Remy Ma, French Montana, InfaRed","spotify:album:7vzvohRzBtrnr3miUJrpAk","All The Way Up (feat. Infared)","spotify:artist:3ScY9CQxNLQei8Umvpx5g6, spotify:artist:39mHYiNmLR7p8PXNG8Wll6, spotify:artist:6vXTefBL93Dj5IqAWq6OTv","Fat Joe, Remy Ma, French Montana","2016-03-02","https://i.scdn.co/image/91f40b5a93fcd4c30a74fcda4a995bd2aa0ffac2","1","1","191942","https://p.scdn.co/mp3-preview/2bba8dfbed070a65f242c40101d0964446cca703?cid=9950ac751e34487dbbe027c4fd7f8e99","true","59","USUYG1095627","spotify:user:11135692880","2019-03-28T01:07:32Z"
"spotify:track:4qikXelSRKvoCqFcHLB2H2","Mercy","spotify:artist:5K4W6rqBFWDnAN6FQUkS6x, spotify:artist:0c173mlxpT3dSFRgMO8XPh, spotify:artist:0ONHkAv9pCAFxb0zJwDNTy, spotify:artist:17lzZA2AlOHwCwFALHttmp","Kanye West, Big Sean, Pusha T, 2 Chainz","spotify:album:0hmFRR0pDSZIAvoJqEFSKv","Mercy","spotify:artist:5K4W6rqBFWDnAN6FQUkS6x","Kanye West","2012-01-01","https://i.scdn.co/image/ab67616d0000b2732127d038204bc32c416d55e2","1","1","329320","https://p.scdn.co/mp3-preview/e87a5b2c27552905144ef2d0bdd4b80fc4f13b90?cid=9950ac751e34487dbbe027c4fd7f8e99","true","68","USUM71203564","spotify:user:11135692880","2019-03-28T01:07:46Z"
"spotify:track:4y6c5vMzKKM3KsMbHtjKx5","Stronger","spotify:artist:5K4W6rqBFWDnAN6FQUkS6x","Kanye West","spotify:album:0EXLFY4NFNx4FlpAlFO7ly","Graduation (UK Version)","spotify:artist:5K4W6rqBFWDnAN6FQUkS6x","Kanye West","2007-09-11","https://i.scdn.co/image/ab67616d0000b2738c9c18cd0509e90c5d5e3c52","1","3","311866","https://p.scdn.co/mp3-preview/998124b19664ac7c039651111eda40e8ed4d4292?cid=9950ac751e34487dbbe027c4fd7f8e99","true","1","USUM70741299","spotify:user:11135692880","2019-03-28T01:08:26Z"
"spotify:track:7DTlsMOQjGysXHpwwpHuPl","Lifestyle","spotify:artist:5pU9lKGn9IUnVvOCONrcIS, spotify:artist:50co4Is1HCEo8bhOyUWKpn, spotify:artist:5lHRUCqkQZCIWeX7xG4sYT","Rich Gang, Young Thug, Rich Homie Quan","spotify:album:4EZDdNda2DHRyqoDgTpS4l","Lifestyle","spotify:artist:5pU9lKGn9IUnVvOCONrcIS","Rich Gang","2014-06-05","https://i.scdn.co/image/ab67616d0000b273f0246c408dccfca67fdf8d9a","1","1","269693","https://p.scdn.co/mp3-preview/cc99cec0749deaac3f9b3ab07c099393ee1ceee3?cid=9950ac751e34487dbbe027c4fd7f8e99","true","71","USCM51400196","spotify:user:11135692880","2019-03-28T01:08:44Z"
"spotify:track:34sGnIHB3ZthMvHpNX1i7e","Day 'N' Nite - Crookers Remix","spotify:artist:0fA0VVWsXO9YnASrzqfmYu, spotify:artist:3o1cwVQfiDWafhYA02k13C","Kid Cudi, Crookers","spotify:album:6oPPKtAwNNlkW4wwHfQDfM","Man On The Moon: The End Of Day (Int'l Version)","spotify:artist:0fA0VVWsXO9YnASrzqfmYu","Kid Cudi","2009-01-01","https://i.scdn.co/image/ab67616d0000b273713f297a7bdc1d48971062b2","1","16","281746","https://p.scdn.co/mp3-preview/b92f90fd539c5ebdd6cdd7cf595b082f046cc175?cid=9950ac751e34487dbbe027c4fd7f8e99","true","63","USUM70957532","spotify:user:11135692880","2019-03-28T01:10:44Z"
"spotify:track:17N5FdRwJuv3UXQ7MHnbhF","Ballin","spotify:artist:4xRYI6VqpkE3UwrDrAZL8L","Logic","spotify:album:4tedCRHFkPOlzi6HR54tqd","Uncle Drew (Original Motion Picture Soundtrack)","spotify:artist:0LyfQWJT6nXafLPZqxe9Of","Artisti Vari","2018-06-15","https://i.scdn.co/image/ab67616d0000b273a9159d7cda72abe42135ceea","1","8","166080","https://p.scdn.co/mp3-preview/e4aced7457fabe0dcfe76429a57bbd5465531214?cid=9950ac751e34487dbbe027c4fd7f8e99","true","62","USRC11801907","spotify:user:11135692880","2019-03-28T01:12:00Z"
"spotify:track:6g6A7qNhTfUgOSH7ROOxTD","Talk Dirty (feat. 2 Chainz)","spotify:artist:07YZf4WDAMNwqr4jfgOZ8y, spotify:artist:17lzZA2AlOHwCwFALHttmp","Jason Derulo, 2 Chainz","spotify:album:4PeZu0It7qVrTG40t3HM9A","Talk Dirty","spotify:artist:07YZf4WDAMNwqr4jfgOZ8y","Jason Derulo","2013-09-10","https://i.scdn.co/image/ab67616d0000b2730376bdff8b70d934f297303e","1","1","177685","https://p.scdn.co/mp3-preview/1bc07a5c8add955817ff4570e10ae0b31a1d8677?cid=9950ac751e34487dbbe027c4fd7f8e99","true","67","USWB11302648","spotify:user:11135692880","2019-03-28T01:16:25Z"
"spotify:track:2sLwPnIP3CUVmIuHranJZU","Wiggle (feat. Snoop Dogg)","spotify:artist:07YZf4WDAMNwqr4jfgOZ8y, spotify:artist:7hJcb9fa4alzcOq3EaNPoG","Jason Derulo, Snoop Dogg","spotify:album:4PeZu0It7qVrTG40t3HM9A","Talk Dirty","spotify:artist:07YZf4WDAMNwqr4jfgOZ8y","Jason Derulo","2013-09-10","https://i.scdn.co/image/ab67616d0000b2730376bdff8b70d934f297303e","1","2","193295","https://p.scdn.co/mp3-preview/b1d1ab725a181b112a275db230ed8ad94eb4f33b?cid=9950ac751e34487dbbe027c4fd7f8e99","false","54","USWB11400672","spotify:user:11135692880","2019-03-28T01:16:29Z"
"spotify:track:2G76iRK1fzO5MiDvcTYkET","Bubblegum (feat. Tyga)","spotify:artist:07YZf4WDAMNwqr4jfgOZ8y, spotify:artist:5LHRHt1k9lMyONurDHEdrp","Jason Derulo, Tyga","spotify:album:4PeZu0It7qVrTG40t3HM9A","Talk Dirty","spotify:artist:07YZf4WDAMNwqr4jfgOZ8y","Jason Derulo","2013-09-10","https://i.scdn.co/image/ab67616d0000b2730376bdff8b70d934f297303e","1","4","205971","https://p.scdn.co/mp3-preview/13fa3a7ae28f039a4e3e845814b41e88b1620267?cid=9950ac751e34487dbbe027c4fd7f8e99","false","37","USWB11400674","spotify:user:11135692880","2019-03-28T01:16:48Z"
"spotify:track:2LX9coJz8pfFHb8AaoVhXS","Or Nah (feat. Wiz Khalifa & DJ Mustard)","spotify:artist:7c0XG5cIJTrrAgEC3ULPiq, spotify:artist:0YinUQ50QDB7ZxSCLyQ40k, spotify:artist:137W8MRPWKqSmrBGDBFSop","Ty Dolla $ign, Mustard, Wiz Khalifa","spotify:album:5mmoLCrl6lAvuyvldIQoDS","Or Nah (feat. Wiz Khalifa & DJ Mustard)","spotify:artist:7c0XG5cIJTrrAgEC3ULPiq","Ty Dolla $ign","2014-01-07","https://i.scdn.co/image/ab67616d0000b27333a354a8e8d3d1433c0ce943","1","1","251861","https://p.scdn.co/mp3-preview/666b4c3d949a732f0f6e314a5a8acb1f47ee1500?cid=9950ac751e34487dbbe027c4fd7f8e99","true","45","USAT21304730","spotify:user:theamericandog","2019-03-28T12:13:20Z"
"spotify:track:6jmTHeoWvBaSrwWttr8Xvu","I Mean It (feat. Remo)","spotify:artist:02kJSzxNuaWGqwubyUba0Z, spotify:artist:253mZZhgkLOjbAuogZiNbc","G-Eazy, Remo the Hitmaker","spotify:album:6wDc63NhKy2PyXdbhkRmrl","These Things Happen","spotify:artist:02kJSzxNuaWGqwubyUba0Z","G-Eazy","2014-06-20","https://i.scdn.co/image/ab67616d0000b273bdfe4efd674482cf5ac88c99","1","3","236480","https://p.scdn.co/mp3-preview/65fc6e30e41d1253880731912a1e3d0f0033e3ad?cid=9950ac751e34487dbbe027c4fd7f8e99","true","65","USRC11400730","spotify:user:theamericandog","2019-03-28T12:17:25Z"
"spotify:track:0Y0TOsE1q11qgbi7c5WZsG","R.I.C.O. (feat. Drake)","spotify:artist:20sxb77xiYeusSH8cVdatc, spotify:artist:3TVXtAsR1Inumwj472S9r4","Meek Mill, Drake","spotify:album:2O3OKOYCub892PUGprsaQo","Dreams Worth More Than Money","spotify:artist:20sxb77xiYeusSH8cVdatc","Meek Mill","2015-06-29","https://i.scdn.co/image/ab67616d0000b273fd31cd96c4ba94c40532cc34","1","6","197133","https://p.scdn.co/mp3-preview/6dab4dc4210f4c8e0379697c559c33e4134f52c7?cid=9950ac751e34487dbbe027c4fd7f8e99","true","64","USAT21501693","spotify:user:theamericandog","2019-03-28T12:17:56Z"
"spotify:track:6REbwUNlppTfcnV4d4ZoZi","Swimming Pools (Drank)","spotify:artist:2YZyLoL8N0Wb9xBt1NhZWg","Kendrick Lamar","spotify:album:2XPrwlaAHHXnJzP9tBcIzH","Swimming Pools (Drank)","spotify:artist:2YZyLoL8N0Wb9xBt1NhZWg","Kendrick Lamar","2012-01-01","https://i.scdn.co/image/ab67616d0000b273b5ef185d28724c5573c2ac9c","1","1","247800","https://p.scdn.co/mp3-preview/2bd12b421709549f9bab606c89faa3a0f1a226b4?cid=9950ac751e34487dbbe027c4fd7f8e99","true","79","USUM71207642","spotify:user:theamericandog","2019-03-28T12:17:58Z"
"spotify:track:376KnY4TrgBITxjlnbnmIy","Cut It (feat. Young Dolph)","spotify:artist:1Zatb2YN4erBOoSivOXc0o, spotify:artist:3HiuzBlSW7pGDXlSFMhO2g","O.T. Genasis, Young Dolph","spotify:album:7eDoi7vptEy8I1bYfnoroH","Cut It (feat. Young Dolph)","spotify:artist:1Zatb2YN4erBOoSivOXc0o","O.T. Genasis","2015-09-25","https://i.scdn.co/image/ab67616d0000b2737d0faf9840d5be7ad16b6e05","1","1","222600","https://p.scdn.co/mp3-preview/38f0928e9a034c8382b056f59b7b5d26ab80ba6a?cid=9950ac751e34487dbbe027c4fd7f8e99","true","54","USAT21503392","spotify:user:theamericandog","2019-03-28T12:18:14Z"
"spotify:track:2JI71GHwq2LN8mtq3iCLYo","CoCo","spotify:artist:1Zatb2YN4erBOoSivOXc0o","O.T. Genasis","spotify:album:0sFq10gbnEw519SPeozbaY","CoCo","spotify:artist:1Zatb2YN4erBOoSivOXc0o","O.T. Genasis","2014-11-10","https://i.scdn.co/image/ab67616d0000b2734b4064b5e7330b1e407ac343","1","1","239573","https://p.scdn.co/mp3-preview/4f49d89f4d5fb58c709a66264fcda7401c9cd027?cid=9950ac751e34487dbbe027c4fd7f8e99","true","57","USAT21404491","spotify:user:theamericandog","2019-03-28T12:18:23Z"
"spotify:track:57hCSu4zMTdnSum7NBL1Ye","Lord Knows (feat. Tory Lanez)","spotify:artist:20sxb77xiYeusSH8cVdatc, spotify:artist:2jku7tDXc6XoB6MO2hFuqg","Meek Mill, Tory Lanez","spotify:album:2O3OKOYCub892PUGprsaQo","Dreams Worth More Than Money","spotify:artist:20sxb77xiYeusSH8cVdatc","Meek Mill","2015-06-29","https://i.scdn.co/image/ab67616d0000b273fd31cd96c4ba94c40532cc34","1","1","318840","https://p.scdn.co/mp3-preview/bbf8290082119e56de0ee6d6ab7b723d389bc80e?cid=9950ac751e34487dbbe027c4fd7f8e99","true","53","USAT21501691","spotify:user:11135692880","2020-02-29T04:19:28Z"
